Date,Currency,Amount,Address,Status
2017-05-03 00:23:15,BTC,0.06536618,17owruzTRANDYwCq77bSABQLXBxx3QaCea,COMPLETE: fb39a929f8659f4d80de5ca57a9e19554dd618ee778870dc12556367f3009611
2017-05-03 00:22:56,NSR,4467336.84480201,SaaP8P3TH8HU27MBkhH6j8EhQ9AvAEY27J,COMPLETE: 8d8fbddb6d1dee70e1820ad881e7eae7b0fa59bb154b5868915348603f81b065
2017-05-01 00:11:06,BTC,0.54616118,17owruzTRANDYwCq77bSABQLXBxx3QaCea,COMPLETE: 15e194d1fd525bb4af5d090607e09cc81b05ae9ec9c060d93e2404b241cf9a48
2017-04-28 15:01:17,BTC,1.08285091,17owruzTRANDYwCq77bSABQLXBxx3QaCea,COMPLETE: 2b2c40e97522486fa173cf3769bcd5dcdf2bba48f55970522cd893bf3be25986
2017-04-21 18:46:03,BTC,1.13005557,17owruzTRANDYwCq77bSABQLXBxx3QaCea,COMPLETE: 801bac47e7d2e8c75af2ebce382ca993a2fcaab45dbdd348e17fad321d0e2a2f
2017-04-14 14:08:01,BTC,1.06936199,17owruzTRANDYwCq77bSABQLXBxx3QaCea,COMPLETE: 32791482f28aa4d834dc18f3930c645dbdf3c85dc5bf68578e88603bcee91518
2017-04-07 12:23:20,BTC,0.40556355,17owruzTRANDYwCq77bSABQLXBxx3QaCea,COMPLETE: 94ca2fa4a9778efb90ba1ed186344de508b7e16d319c30063e04bb71415c6a6a
2017-04-05 11:19:03,BTC,1.08874127,17owruzTRANDYwCq77bSABQLXBxx3QaCea,COMPLETE: 47f5244d9829d791a14c5f21cea1872b595199f2d689cc2aebff9e8fdadb3968
2017-03-31 17:06:10,BTC,0.28679123,17owruzTRANDYwCq77bSABQLXBxx3QaCea,COMPLETE: 9bae75fc3315c07f760be01d1a5f4ed16b9faf8878aad3c47678955553e7e0c5
2017-03-30 20:52:17,BTC,1.86467483,17owruzTRANDYwCq77bSABQLXBxx3QaCea,COMPLETE: 2b2316ef16878f1ca877d78818b437051a651015b9b026d7492f31b709a4e8bc
2017-03-24 19:27:48,BTC,0.67755805,17owruzTRANDYwCq77bSABQLXBxx3QaCea,COMPLETE: 1d32b67cb4c09473cffcd2fffed08a7be5043e73c7c6f76864e44136df85b3a0
2017-03-21 03:48:43,BTC,1.07684309,17owruzTRANDYwCq77bSABQLXBxx3QaCea,COMPLETE: 877ee8511fb7d79bef71bb0aee0fc88da0f423ba86082c0a5240d7e222955e50
2017-03-16 16:31:05,BTC,1.04143047,17owruzTRANDYwCq77bSABQLXBxx3QaCea,COMPLETE: 8c54e1d74603ff2a26a3dae91eb01d60fb0e51cd793806d78603e669ce90dddc
2017-03-11 02:05:51,BTC,0.17005380,17owruzTRANDYwCq77bSABQLXBxx3QaCea,COMPLETE: ae41faed8e68c8e8980a8835220fe62f5adb6210c13f3faa88e7bf025a4021b7
2017-03-09 22:59:07,BTC,1.25262894,17owruzTRANDYwCq77bSABQLXBxx3QaCea,COMPLETE: 3aa53d6f3878b4178af2beffb16b805f5ac3fc90969a5f551a0c0dfb0d137f52
2017-03-01 15:27:53,BTC,0.93673716,17owruzTRANDYwCq77bSABQLXBxx3QaCea,COMPLETE: b1ec682653c2a035a2641403371edff19a02a6fe7f48970e9909de8623819802
2017-02-24 15:36:18,BTC,0.76023421,17owruzTRANDYwCq77bSABQLXBxx3QaCea,COMPLETE: e29230ccca4f4e36574903bbec1e0f9624a266b55d3d744375a07c8f75a4b9b4
2017-02-21 15:59:21,BTC,0.55561066,17owruzTRANDYwCq77bSABQLXBxx3QaCea,COMPLETE: bbd4bb1413c11b92bf97843550f73424708054ff8c17d9a9a97faeb53bacb25c
2017-02-19 14:55:45,BTC,0.55121850,17owruzTRANDYwCq77bSABQLXBxx3QaCea,COMPLETE: 75670460b65ea3124733661ea1ae2c2da7f17a5001c3d2198e91cbe9e9a8b554
2017-02-17 16:07:20,BTC,0.34347912,17owruzTRANDYwCq77bSABQLXBxx3QaCea,COMPLETE: f3c41d29cbec53e2cd61d16b447d18ac79838e658ac8aafe36044f91bcd1b358
2017-02-16 14:44:16,BTC,0.72781416,17owruzTRANDYwCq77bSABQLXBxx3QaCea,COMPLETE: f49a52aaf974456cb1f04c4bfa2d1ec41ba9ca2106b609fea97172e7b86e3667
2017-02-14 16:03:34,BTC,0.71524542,17owruzTRANDYwCq77bSABQLXBxx3QaCea,COMPLETE: 53c401fa0e2050fb06704deba595b421b606f58341ff46dd32edebea826d06c6
2017-02-12 16:46:17,BTC,0.71827402,17owruzTRANDYwCq77bSABQLXBxx3QaCea,COMPLETE: a71ba7cbbe184053c4ddd1e498f8b3b691bb6d549c300520ced0e1ee63edd615
2017-02-10 22:00:32,BTC,0.33598792,17owruzTRANDYwCq77bSABQLXBxx3QaCea,COMPLETE: 984f694e5fb5df007cf75a73721cf41f4c65fe3d064fd15da374ea6cbb173781
2017-02-09 22:11:59,BTC,0.66468414,17owruzTRANDYwCq77bSABQLXBxx3QaCea,COMPLETE: 23f75a0818ecf5be2f1bb9b16bfa76d10c736f5b60d614b560d0b1ea75e78c78
2017-02-07 20:54:24,BTC,0.65383132,17owruzTRANDYwCq77bSABQLXBxx3QaCea,COMPLETE: 516274d989348d1c6be01404dc0be81c54eb16528cbdb4dcf871821ea0a85213
2017-02-05 17:58:28,BTC,0.66476393,17owruzTRANDYwCq77bSABQLXBxx3QaCea,COMPLETE: 8f9fe85e4fceab3c1d532f0cef4da44870ab445a1e7bbacffe86546fc17e8ef9
2017-02-03 18:20:35,BTC,0.38372829,17owruzTRANDYwCq77bSABQLXBxx3QaCea,COMPLETE: e2457466ec2b40a6cb4137c009824206e278cbc6fba2959b989ec29f111c26f0
2017-02-02 22:19:05,BTC,0.78491281,17owruzTRANDYwCq77bSABQLXBxx3QaCea,COMPLETE: 966182ca9f17b2a5ddd11f2c331af2167d2916f5eed1bad08be4e0da09664302
2017-01-31 22:30:09,BTC,0.40678050,17owruzTRANDYwCq77bSABQLXBxx3QaCea,COMPLETE: 2410f9b04c8084fca89fd292ae7e6c45f9f89f557350030696888ca270167065
2017-01-30 13:22:40,BTC,0.42493500,17owruzTRANDYwCq77bSABQLXBxx3QaCea,COMPLETE: c5ddee3e49fa98339cf7b4dac3c11c78aa289a4f966c2b046b17bc59ca0d5298
2017-01-29 17:26:58,BTC,0.42906401,17owruzTRANDYwCq77bSABQLXBxx3QaCea,COMPLETE: dc574aaa38028d972e5402b08246504d551a539d46bce2660b99c3900a952830
2017-01-28 16:50:37,BTC,0.42333899,17owruzTRANDYwCq77bSABQLXBxx3QaCea,COMPLETE: ff5cc67ee7251b44360a045db79a5a3b674408ba679204a40e1daf7d5958e879
2017-01-27 19:49:09,BTC,0.47729970,17owruzTRANDYwCq77bSABQLXBxx3QaCea,COMPLETE: 2eabc62c551bbe9619341fb6fc5bdc210e52dea0181088aa3c85199dbe7e65dc
2017-01-26 19:31:11,BTC,0.48019650,17owruzTRANDYwCq77bSABQLXBxx3QaCea,COMPLETE: fdbabe08fc94e20c313e4be04c5cadf4e0e3b8c7960bf875153a867beda416a6
2017-01-25 22:17:14,BTC,0.49072306,17owruzTRANDYwCq77bSABQLXBxx3QaCea,COMPLETE: 3207bd94ec314cb8d86d2c5c35acd447c9d2596e8a50f18c3ec9c81d87ec8888
2017-01-24 20:16:42,BTC,0.51383607,17owruzTRANDYwCq77bSABQLXBxx3QaCea,COMPLETE: 8ef3326d21f230aba321f64f1ea7442d64fc396dd54c8f8bf9f59a3a5dee0dde
2017-01-23 13:32:49,BTC,0.47560801,17owruzTRANDYwCq77bSABQLXBxx3QaCea,COMPLETE: fa0429031fd61fac4fc511f3d945f8472bd33d4b7e327e5938df4681df89e4ed
2017-01-22 19:29:01,BTC,0.48591870,17owruzTRANDYwCq77bSABQLXBxx3QaCea,COMPLETE: 9b55236c3d2cc1b3d9735734ff90f099656476559cb2f813d133680c5a22b164
2017-01-21 14:07:48,BTC,0.47490974,17owruzTRANDYwCq77bSABQLXBxx3QaCea,COMPLETE: b3d61ce3fe2fc9ebff080ae0468fed2bc256c3131843bcc51a7202816f9e63ae
2017-01-20 16:07:06,BTC,0.53535825,17owruzTRANDYwCq77bSABQLXBxx3QaCea,COMPLETE: 7174bcd7332026b92962f30d3c50b9f71de24166bb1d57909e36158286a69bf0
2017-01-19 15:58:09,BTC,0.53595675,17owruzTRANDYwCq77bSABQLXBxx3QaCea,COMPLETE: 477c7e937363dcf1febb762936f9cfda20cdd76623fc91f88ff317097696e9a4
2017-01-18 19:07:32,BTC,0.56503884,17owruzTRANDYwCq77bSABQLXBxx3QaCea,COMPLETE: b5d618810ec867b6613411df976bd39adec15eaac80c09740d523f65ea557412
2017-01-16 23:21:07,BTC,0.57765225,17owruzTRANDYwCq77bSABQLXBxx3QaCea,COMPLETE: cfc3040e942a9e5a22998638919a7b4d3996332cecaa15a2628ea35ed3ba16be
2017-01-16 00:36:45,BTC,0.59597664,17owruzTRANDYwCq77bSABQLXBxx3QaCea,COMPLETE: a524356b260982107e9661ec49ae962b61ff4ab6a283fdea6270f00c09da60b0
2017-01-15 13:32:15,BTC,0.58591210,17owruzTRANDYwCq77bSABQLXBxx3QaCea,COMPLETE: 9ab1ec5a436cdc99855ed39e089864b2cdf68f5801572dbd4516e5f54552d8ea
2017-01-14 15:24:34,BTC,0.57685425,17owruzTRANDYwCq77bSABQLXBxx3QaCea,COMPLETE: 20adcc702104f3d0db4ed9cc045400c60a93b09b9c1168f7eb6a7801651f76fa
2017-01-13 19:38:58,BTC,0.57386176,17owruzTRANDYwCq77bSABQLXBxx3QaCea,COMPLETE: f8de835b993c4ce8bde9921603b3b8655114ed16404956f1b565cd492b9b9277
2017-01-12 16:39:06,BTC,0.59630551,17owruzTRANDYwCq77bSABQLXBxx3QaCea,COMPLETE: 92c280ba9b5f8caa1cba8e9e01551e64e5711a700d91175c30746025f7be569c
2017-01-11 19:05:26,BTC,0.61066950,17owruzTRANDYwCq77bSABQLXBxx3QaCea,COMPLETE: 96d929f770dfae124267ba7e21fcdcd4e784e38fa820d1aa3bf0bbda53862957
2017-01-10 21:20:37,BTC,0.52787698,17owruzTRANDYwCq77bSABQLXBxx3QaCea,COMPLETE: f404cb36231a290c2992fd0e3fd6fcc53fb8cfb9f6626a1212fa16ebb8588360
2017-01-09 22:34:58,BTC,0.53329046,17owruzTRANDYwCq77bSABQLXBxx3QaCea,COMPLETE: 25fab38755144c97ec50f09c3e4fc67cc51217a0497fb2ea3916b4074934ee0e
2017-01-08 20:08:57,BTC,0.52438579,17owruzTRANDYwCq77bSABQLXBxx3QaCea,COMPLETE: b711a739981e3a9bbcf65c889424723e7698ad4c4981737a38ff35f886058ce9
2017-01-07 21:08:35,BTC,0.56061007,17owruzTRANDYwCq77bSABQLXBxx3QaCea,COMPLETE: bd3b904c38a485bb8e516c54af5cb435012caa2d23289c8d3f72ea3403aa0275
2017-01-06 18:10:29,BTC,0.51550799,17owruzTRANDYwCq77bSABQLXBxx3QaCea,COMPLETE: fd37279acc589955e1f001a49b3a8924a76b3a094f086cadf9016d4937794c1c
2017-01-05 19:26:59,BTC,0.47828873,17owruzTRANDYwCq77bSABQLXBxx3QaCea,COMPLETE: 5b1b79f4e1ffa04bc09c00d3ab6a2623b7ffed86b26a3ec934350c0bdd08d28d
2017-01-05 00:51:19,BTC,0.41448121,1L55nYrmDEVSmwrLRBkXDCRc7kRJ9YDKVP,COMPLETE: 8af8a2bd0b0fd990c3355ea213107591009d0b7c3a1081e2838ebcc816f2c6e8
2017-01-03 20:26:12,BTC,0.46867620,1L55nYrmDEVSmwrLRBkXDCRc7kRJ9YDKVP,COMPLETE: 531c2fd00304db650bb0a3842cc07914a7ba49f990ec412b23c8fe3a2948ab44
2017-01-02 22:48:43,BTC,0.46473525,1L55nYrmDEVSmwrLRBkXDCRc7kRJ9YDKVP,COMPLETE: 680e766bdafb4385e046618d721764600541d963c52e74ae2d5199fed17a6a68
2017-01-01 19:01:20,BTC,0.43929900,1L55nYrmDEVSmwrLRBkXDCRc7kRJ9YDKVP,COMPLETE: b0971a49f493d4a2b21ba99343aeb83cae155aecc3dcb4bde1cd926d8cde1647
2016-12-31 15:38:06,BTC,0.50657238,1L55nYrmDEVSmwrLRBkXDCRc7kRJ9YDKVP,COMPLETE: 6e151262a373a66cf215bc2351f06ccfb6675c7cda9d62893cb83a30d1c0b72a
2016-12-30 18:19:33,BTC,0.52747800,1L55nYrmDEVSmwrLRBkXDCRc7kRJ9YDKVP,COMPLETE: 16829f0b74d3d2cf22aed42315bb47e420bf174bcc1a89640859c2c757e1c186
2016-12-29 13:33:08,BTC,0.54715018,1L55nYrmDEVSmwrLRBkXDCRc7kRJ9YDKVP,COMPLETE: de93b6aaec8b33d53ea2cc68f8b70b68dc1581f77445920d1aacf01e11a12ffc
2016-12-28 09:43:17,BTC,0.55860000,1L55nYrmDEVSmwrLRBkXDCRc7kRJ9YDKVP,COMPLETE: c47d1ddbca4a3a1f5fc50e2dc8eae280267bf0dc738c52367e28ca12cc1c16c3
2016-12-27 13:16:15,BTC,0.55161750,1L55nYrmDEVSmwrLRBkXDCRc7kRJ9YDKVP,COMPLETE: 97f62597737657d39557c80e5742aa69f4c70eb8bf7ef60a5bbbe6b344ea47c7
2016-12-26 16:36:54,BTC,0.57316350,1L55nYrmDEVSmwrLRBkXDCRc7kRJ9YDKVP,COMPLETE: 3904e599bf92ef14dd3492d92d8c1131d404fdb3c06aca4de3473cc3d63fb39c
2016-12-25 17:57:42,BTC,0.75291300,1L55nYrmDEVSmwrLRBkXDCRc7kRJ9YDKVP,COMPLETE: 361fdee730b084520cc47f0d32ea8b2016af3a913df2c491749736e6601ea0eb
2016-12-24 19:35:50,BTC,0.52747800,1L55nYrmDEVSmwrLRBkXDCRc7kRJ9YDKVP,COMPLETE: 7c7ed00bca0772cdbb76cde9b703be25b147ba566944b067e6772b0fe83e86d4
2016-12-23 16:38:39,BTC,0.63270948,1L55nYrmDEVSmwrLRBkXDCRc7kRJ9YDKVP,COMPLETE: cf55e6701eb598a07ca491ed1240c43b051dde8a5b07058ebac98bf48878ea04
2016-12-22 18:28:42,BTC,0.59451000,1L55nYrmDEVSmwrLRBkXDCRc7kRJ9YDKVP,COMPLETE: c16e42d9a5a65c6c15b3be3c51c0c30bd4e8b11a2d6f7619adfbc46008d58eb7
2016-12-21 14:10:44,BTC,0.58969944,1L55nYrmDEVSmwrLRBkXDCRc7kRJ9YDKVP,COMPLETE: 872de3f5260885b446c0bccac47c66bcaa36bb079577fb79d94728396ee6519f
2016-12-20 03:38:47,BTC,0.68163453,1L55nYrmDEVSmwrLRBkXDCRc7kRJ9YDKVP,COMPLETE: b5c8c3dda127d135a5d40f5a3c340ee788844386ad2add9ea3aa2bddd0a118bf
2016-12-19 18:01:48,BTC,0.67337946,1L55nYrmDEVSmwrLRBkXDCRc7kRJ9YDKVP,COMPLETE: 690824f5599ef224246bb1c3035de5c8b9e4f7fb72c641f97da4b47a0479d531
2016-12-18 15:12:55,BTC,0.67500824,1L55nYrmDEVSmwrLRBkXDCRc7kRJ9YDKVP,COMPLETE: 7d54726baf40a466e09b5a49e2595c970d80f831361bdfe638f53d2124ad076f
2016-12-17 22:37:58,BTC,0.66862425,1L55nYrmDEVSmwrLRBkXDCRc7kRJ9YDKVP,COMPLETE: 33d8f3ecf6970cfecf44e4ab308784b939662997adc0f8a5e199095880973809
2016-12-16 05:28:10,BTC,0.49928713,1L55nYrmDEVSmwrLRBkXDCRc7kRJ9YDKVP,COMPLETE: afce6d118ee32660a441441a18c4363a255af9b4fb1c278187df2b901d808f36
2016-12-15 21:28:01,BTC,0.55147086,1L55nYrmDEVSmwrLRBkXDCRc7kRJ9YDKVP,COMPLETE: e5fe949559377350e4981293d166b83f13307e1737b75931e144ff861cc5e094
2016-12-14 20:14:54,BTC,0.46251282,1L55nYrmDEVSmwrLRBkXDCRc7kRJ9YDKVP,COMPLETE: c5687696afbbdc3d65eeeb3fc5c1bc7f98ce3442446bf2f4d41418f395e3220d
2016-12-13 19:13:50,BTC,0.44871972,1L55nYrmDEVSmwrLRBkXDCRc7kRJ9YDKVP,COMPLETE: 413bbe56254fceebed7dd9fcfc8b8d6f04ad2a7aa520874e7e99b6a2a5bd1678
2016-12-12 20:26:58,BTC,0.43890000,1L55nYrmDEVSmwrLRBkXDCRc7kRJ9YDKVP,COMPLETE: e73ab7bdb96949f2ecb2dad8145cfa6dde7b3546170a35759baac12fb45ff822
2016-12-11 20:21:33,BTC,0.43890000,1L55nYrmDEVSmwrLRBkXDCRc7kRJ9YDKVP,COMPLETE: d0de6f7d5e5fdb2621f1aa207e937f667257beec36b37963bfb25a25bdf93ee3
2016-12-10 17:11:51,BTC,0.44036627,1L55nYrmDEVSmwrLRBkXDCRc7kRJ9YDKVP,COMPLETE: a8554ccb859de0a669a619b6aa7d447937ccb7f17435f6f0850279c307a19fdc
2016-12-09 17:33:36,BTC,0.43890001,1L55nYrmDEVSmwrLRBkXDCRc7kRJ9YDKVP,COMPLETE: e9b9283a603b9d0ec9dea2dde2c68f4e5bbcea1a6053469da487075bcd005071
2016-12-08 17:34:26,BTC,0.99622591,1L55nYrmDEVSmwrLRBkXDCRc7kRJ9YDKVP,COMPLETE: 89719e5ead99244b5863391a1074a6ffc6b570727b3cabf58c688bbd74420970
2016-12-07 12:12:37,BTC,0.32909502,1L55nYrmDEVSmwrLRBkXDCRc7kRJ9YDKVP,COMPLETE: cb2c859c16408869c727f8c6ced00fd7fe433083de73628bd44c4bb0f8d14651
2016-12-07 12:11:58,BTC,1.28750000,1uBH39hNa2xahaoPisVzMnZEtAWUZod8X,COMPLETE: cb2c859c16408869c727f8c6ced00fd7fe433083de73628bd44c4bb0f8d14651
2016-12-06 15:14:14,BTC,0.56976751,1L55nYrmDEVSmwrLRBkXDCRc7kRJ9YDKVP,COMPLETE: b0d7c3e557fb810c95e1c2f196ca6f09c1969809ed94212c82e79d62fb43be9c
2016-12-06 15:13:50,BTC,2.00000000,1uBH39hNa2xahaoPisVzMnZEtAWUZod8X,COMPLETE: b0d7c3e557fb810c95e1c2f196ca6f09c1969809ed94212c82e79d62fb43be9c
2016-12-04 23:49:40,BTC,0.47880000,1L55nYrmDEVSmwrLRBkXDCRc7kRJ9YDKVP,COMPLETE: 8d4987dac0c20cd61a49965d0f0cd7b3b43e6114ae3f456528ef2aa7e806b13f
2016-12-04 18:47:00,BTC,0.49703259,1L55nYrmDEVSmwrLRBkXDCRc7kRJ9YDKVP,COMPLETE: e1d5ac6110adc0a9a809effa10b6a75bce51c8a522e81d1714b57b014fc8bbb4
2016-12-03 01:38:38,BTC,0.49875000,1L55nYrmDEVSmwrLRBkXDCRc7kRJ9YDKVP,COMPLETE: 0ac3efcba6f001bc19e98542e5d29d5d5f5900a7774a034b61bbe29a1e4167f3
2016-12-02 15:53:42,BTC,0.51243271,1L55nYrmDEVSmwrLRBkXDCRc7kRJ9YDKVP,COMPLETE: a7d4e3f39b907030e902821307eac3103874e020de5550ea19b79e3004ce5da2
2016-12-01 03:25:37,BTC,0.53865000,1L55nYrmDEVSmwrLRBkXDCRc7kRJ9YDKVP,COMPLETE: 6311580b0a38982eac120475ac0da3f5635c2924c1cf791577d31458f3ce13c2
2016-11-30 20:41:33,BTC,0.53865000,1L55nYrmDEVSmwrLRBkXDCRc7kRJ9YDKVP,COMPLETE: 24a72ab4338751cd4bde00003b0b6c22e4b9d821b556d75482ccd5d71da99acf
2016-11-29 21:45:59,BTC,2.27276122,1L55nYrmDEVSmwrLRBkXDCRc7kRJ9YDKVP,COMPLETE: 8c5ba610c00f6a6d1a83c9744f49fd7d2f20be095816818d0fb58265777e2335
2016-11-29 16:00:04,BTC,6.40000000,1L55nYrmDEVSmwrLRBkXDCRc7kRJ9YDKVP,COMPLETE: c00550d1bbfeee70b964a801a20727bad5ac6878e147197c56c9e2b875ed0cb5
2016-11-29 03:48:20,BTC,6.69595734,1L55nYrmDEVSmwrLRBkXDCRc7kRJ9YDKVP,COMPLETE: fe14366ad45fb97eab014ddb2a937ffb0da4c58a71f22474c7e9d4394a2d40f3
2016-11-29 02:27:06,BTC,0.54662459,1L55nYrmDEVSmwrLRBkXDCRc7kRJ9YDKVP,COMPLETE: b0dccc13c17457bf5b39adfad40d45e86d1962a48f412dde5d5efdfceab379ea
2016-11-28 18:55:36,BTC,6.19427946,1L55nYrmDEVSmwrLRBkXDCRc7kRJ9YDKVP,COMPLETE: 44a3b259c7021c6a594e75e7b91b1b2c5da19372648a5dff6d76b490bbfdcf0b
2016-11-28 00:13:13,BTC,0.49875000,1L55nYrmDEVSmwrLRBkXDCRc7kRJ9YDKVP,COMPLETE: 574f8d4c4fd656e21653d45ea47cad5c8108602fc092b1022b1a47fc3fa897e9
2016-11-27 19:16:11,BTC,1.72597425,1uBH39hNa2xahaoPisVzMnZEtAWUZod8X,COMPLETE: dec13a4e26d3877b28c65893d96b77180040d6606940403442707b77d96ac1c9
2016-11-27 19:06:42,BTC,4.47055877,1L55nYrmDEVSmwrLRBkXDCRc7kRJ9YDKVP,COMPLETE: 835c055ef32ae09b6e64deb003ce1d08d8ff4f9581c771eb1bce415b55ae3651
2016-11-26 17:44:41,BTC,0.48859132,1L55nYrmDEVSmwrLRBkXDCRc7kRJ9YDKVP,COMPLETE: f8b2563148ee3d9bc8135183159fc4abda25b833428d4c14c09ac1c7e2d165e8
2016-11-25 12:54:56,BTC,0.45885001,1L55nYrmDEVSmwrLRBkXDCRc7kRJ9YDKVP,COMPLETE: c5049b64769f43dc3b3f25ff05bcdc792bbcae88ba54df3293b62e2e980a025f
2016-11-24 22:20:16,BTC,0.45885000,1L55nYrmDEVSmwrLRBkXDCRc7kRJ9YDKVP,COMPLETE: 748b6f7030304bb82ce7783d200c74223f30eed7a98273d952f656b8bb3d069f
2016-11-23 18:46:17,BTC,0.47880000,1L55nYrmDEVSmwrLRBkXDCRc7kRJ9YDKVP,COMPLETE: 2d127ff4404518042aae818e261ee94576e21a60e80bbf1f50c515c80a6a1ead
2016-11-22 17:28:55,BTC,4.13179338,1L55nYrmDEVSmwrLRBkXDCRc7kRJ9YDKVP,COMPLETE: 8f3e9b0d3cb5a3a74dacdf71081a396beb183ec4056605f540032e34be24bd8b
2016-11-21 21:38:44,BTC,1.27323185,1L55nYrmDEVSmwrLRBkXDCRc7kRJ9YDKVP,COMPLETE: cac4fe2c87e3edebc7a4543a7545ccca8364c351a91001c2e4ebaa967a832287
2016-11-21 20:58:07,BTC,0.96912381,1L55nYrmDEVSmwrLRBkXDCRc7kRJ9YDKVP,COMPLETE: b85c43ab66d3c7d6f2ff06354bf9467c4484d1f9e811e73aa857c2798866f9e2
2016-11-21 18:19:19,BTC,3.83011722,1L55nYrmDEVSmwrLRBkXDCRc7kRJ9YDKVP,COMPLETE: bae91a79ec2a8acae250845a484c7e6ce5b0876150412d1cd016a24e987b8c7a
2016-11-21 07:22:30,BTC,3.89661181,1L55nYrmDEVSmwrLRBkXDCRc7kRJ9YDKVP,COMPLETE: 0bb8360b3e33706795f67926ebd656d47799531986f4ec602cf02487b55de60e
2016-11-21 05:40:13,BTC,0.17109269,1L55nYrmDEVSmwrLRBkXDCRc7kRJ9YDKVP,COMPLETE: c965e6e0244072c2ecf978c83292c20fa106341db50b3f7631d20e33408843ac
2016-11-20 17:06:44,BTC,0.43828998,1L55nYrmDEVSmwrLRBkXDCRc7kRJ9YDKVP,COMPLETE: c91f65eef9a76b43cce68f894de878f306ae356f15811b1afe17547325121ee2
2016-11-20 14:11:21,BTC,0.10371219,1L55nYrmDEVSmwrLRBkXDCRc7kRJ9YDKVP,COMPLETE: 01dbd88405d1bc7586f3a55a90dec7231efc4a73124d2f71325df21eb3800cdf
2016-11-20 05:39:47,BTC,2.09411201,1L55nYrmDEVSmwrLRBkXDCRc7kRJ9YDKVP,COMPLETE: c3ee5a8b0c607cc8fc80af22df553f756e86b52dc7912f5982ea686f42b82a86
2016-11-20 04:04:44,BTC,2.48400483,1L55nYrmDEVSmwrLRBkXDCRc7kRJ9YDKVP,COMPLETE: a005b0ce70738e22cea079bd8d9c2784b9ac4bd78e7222bc5498690b9983b473
2016-11-20 00:25:00,BTC,0.41030087,1L55nYrmDEVSmwrLRBkXDCRc7kRJ9YDKVP,COMPLETE: e474c1ed7e4620106c14e6ab68c3c1a69a607560b2a91be51a54a586354b909d
2016-11-19 17:23:25,BTC,0.24361193,1L55nYrmDEVSmwrLRBkXDCRc7kRJ9YDKVP,COMPLETE: 2cbda269c9b2db05dc7254400df6a31437f277f49811dbe27398cf3d2fdcdc0d
2016-11-19 03:17:09,BTC,5.25357708,1L55nYrmDEVSmwrLRBkXDCRc7kRJ9YDKVP,COMPLETE: 1fcce86006079f478a186108797c8975e692d635b047034957d65afb92a03f8f
2016-11-19 01:17:59,BTC,5.49546232,1L55nYrmDEVSmwrLRBkXDCRc7kRJ9YDKVP,COMPLETE: b9d56b5052d7b634b09463fdc5503553808cda3fe0a86e1deb14f29f37555af0
2016-11-18 16:31:41,BTC,0.95218835,1L55nYrmDEVSmwrLRBkXDCRc7kRJ9YDKVP,COMPLETE: 3183864cf5862cdb3757c63deea73c38ff72f922dbbdef2efb42ce414edd7442
2016-11-18 07:16:03,BTC,0.47276343,1L55nYrmDEVSmwrLRBkXDCRc7kRJ9YDKVP,COMPLETE: 06022fe750b4c17eb17682d50aa6e8674ac00f97db4c193a4de7d1a850274383
2016-11-18 06:31:38,BTC,1.37735848,1L55nYrmDEVSmwrLRBkXDCRc7kRJ9YDKVP,COMPLETE: c39cd8af7bc9ccdc8dd52a1f059fddad3841cb65726668c858d793fdaf0d257b
2016-11-18 03:55:34,BTC,1.90124578,1L55nYrmDEVSmwrLRBkXDCRc7kRJ9YDKVP,COMPLETE: 66ebfdc7b101005360d0fc1fa86902d051443f0381fad076b8acbe9c1163b41f
2016-11-17 21:29:07,BTC,0.35337837,1L55nYrmDEVSmwrLRBkXDCRc7kRJ9YDKVP,COMPLETE: 57a225bd1f8ed4dbbdd6a017abd34d97206f2b5c5ba7e608f177bbe23bb26a08
2016-11-17 16:38:43,BTC,0.21289975,17owruzTRANDYwCq77bSABQLXBxx3QaCea,COMPLETE: 9d22303691afb6da4ad543dff02bbed724fefcc37ff523dcaf77f9d15006f5d9
2016-11-17 04:14:44,BTC,4.94110000,1L55nYrmDEVSmwrLRBkXDCRc7kRJ9YDKVP,COMPLETE: 57d7b2745edfeef94bfe5b41bd76876baa54c80658b2ff54f38118316562d34a
2016-11-16 15:05:08,BTC,0.80999016,1L55nYrmDEVSmwrLRBkXDCRc7kRJ9YDKVP,COMPLETE: 4c473117e731bb1a3347b02e7b1ef7fe67718ab4eb2044635750de0991831fa4
2016-11-15 14:35:48,BTC,0.47311910,1L55nYrmDEVSmwrLRBkXDCRc7kRJ9YDKVP,COMPLETE: 512b9fae38f6459e5aaaf75b161ef52d519e5512862d63adc2ebe2ca5f750fa4
2016-11-15 02:00:32,BTC,0.38874718,1L55nYrmDEVSmwrLRBkXDCRc7kRJ9YDKVP,COMPLETE: 75fbb3cedbfcdbbe508189e05e260f5c4c3cf0ac008c1e7aa6cbdc27acdddcf2
2016-11-15 02:00:08,BTC,0.17630000,17owruzTRANDYwCq77bSABQLXBxx3QaCea,COMPLETE: 75fbb3cedbfcdbbe508189e05e260f5c4c3cf0ac008c1e7aa6cbdc27acdddcf2
2016-11-14 20:31:26,BTC,0.20689449,1L55nYrmDEVSmwrLRBkXDCRc7kRJ9YDKVP,COMPLETE: b9f3777fe35565ad2b43c3a83de0053715e3d2dd604cf1ce9b1adddde989f006
2016-11-14 04:47:35,BTC,0.57776392,1L55nYrmDEVSmwrLRBkXDCRc7kRJ9YDKVP,COMPLETE: db1ab7b436eb2b75fe4bbb74df14f020697f3917b0b0b34000040efd4ac29fa5
2016-11-13 17:13:27,BTC,3.51427939,1L55nYrmDEVSmwrLRBkXDCRc7kRJ9YDKVP,COMPLETE: ad8e4008a9b20a2fe9b0f0ca70fa0c93d41c662e8c8e5a3b1b307154ac1f47e2
2016-11-13 01:54:37,BTC,0.58543381,1L55nYrmDEVSmwrLRBkXDCRc7kRJ9YDKVP,COMPLETE: 8f5bbbc0be8e4dc4432bed7e2caf675755a6ac3ac3dd26fffd491113e1c825a8
2016-11-12 19:24:26,BTC,0.42346356,1L55nYrmDEVSmwrLRBkXDCRc7kRJ9YDKVP,COMPLETE: e30f2eb4d2db785c2b77bb698e936c5f90a92324973fd0933b22bc0b9b57133e
2016-11-12 14:52:27,BTC,1.90807676,1L55nYrmDEVSmwrLRBkXDCRc7kRJ9YDKVP,COMPLETE: e5d9386686c775faf2c1fd89603b073155b5985c5121c13402a3d70f1657fc94
2016-11-11 15:00:41,BTC,0.57957596,1L55nYrmDEVSmwrLRBkXDCRc7kRJ9YDKVP,COMPLETE: 38fd982df2a18387417cbf95d24735ea45520c61657572bdfcdd1dbff627972c
2016-11-10 23:04:15,BTC,1.27345128,1L55nYrmDEVSmwrLRBkXDCRc7kRJ9YDKVP,COMPLETE: 5d1be93c4dfc696eea8fc2097b4e4a6e5022e28fc0bfc049639ff51d48c291f1
2016-11-10 16:46:09,BTC,4.22379659,1L55nYrmDEVSmwrLRBkXDCRc7kRJ9YDKVP,COMPLETE: f69ce4602c028ed84ff961221d60c9f2e33772494b89d42203e136bf9f61e115
2016-11-10 01:48:33,BTC,1.27330876,1L55nYrmDEVSmwrLRBkXDCRc7kRJ9YDKVP,COMPLETE: 58e50ddec257edad7e61b20230473b9b74d2fdc487892524f5b95d6b31698a83
2016-11-09 17:50:03,BTC,1.41282544,1L55nYrmDEVSmwrLRBkXDCRc7kRJ9YDKVP,COMPLETE: f26945560dbaa21ba6322fe24d7acd1758b8a9c497fee7dc54797062bcd43f6d
2016-11-09 00:10:06,BTC,3.67496989,1L55nYrmDEVSmwrLRBkXDCRc7kRJ9YDKVP,COMPLETE: b28adcb570df581f522fcfab69013bfc0970795dd1882ca5cc8eee5781179a9b
2016-11-08 22:44:56,BTC,1.72221829,1L55nYrmDEVSmwrLRBkXDCRc7kRJ9YDKVP,COMPLETE: de3a21c4d4dc994f14cb9044c37280a71e888335a8a3a5ab5013459b8baee250
2016-11-08 07:54:36,BTC,5.95417652,1L55nYrmDEVSmwrLRBkXDCRc7kRJ9YDKVP,COMPLETE: c7af572b346fadb52e52549de80c1a78fbbde153c173e24ef6b7af3fe5eb92a3
2016-11-07 23:59:17,BTC,5.71627350,1L55nYrmDEVSmwrLRBkXDCRc7kRJ9YDKVP,COMPLETE: fb2a2ec5d69a21e09163fb46385f1e1c008240c4b82c5e49ff7de72ebaacb7b7
2016-11-07 17:00:04,BTC,0.05985000,1L55nYrmDEVSmwrLRBkXDCRc7kRJ9YDKVP,COMPLETE: 587b60b49d98cf23c2b564b1f0060b1f76dbd9634f49fcf6be26f69a20153b65
2016-11-07 04:34:17,BTC,5.51946946,1L55nYrmDEVSmwrLRBkXDCRc7kRJ9YDKVP,COMPLETE: 84be1d4a852b6d2e486632972e47096fc9b0a51c3d08362095d1988d67a93c24
2016-11-06 21:25:28,BTC,5.71075703,1L55nYrmDEVSmwrLRBkXDCRc7kRJ9YDKVP,COMPLETE: 4f360aa7be6ee0b17b058eebf2151419bf5d644888dd8fd3269b1270bd78cf94
2016-11-06 19:50:17,BTC,5.69442825,1L55nYrmDEVSmwrLRBkXDCRc7kRJ9YDKVP,COMPLETE: 2bd5951793a0da271cf30bb9c25c7c164d16bc5a790b044807bab75cd2bc5d97
2016-11-06 16:33:30,BTC,4.83887250,1L55nYrmDEVSmwrLRBkXDCRc7kRJ9YDKVP,COMPLETE: 6f28a910c8fb90284d2f35199c731214473516785096409cb5810170d7e86423
2016-11-06 16:29:28,BTC,0.72586427,1L55nYrmDEVSmwrLRBkXDCRc7kRJ9YDKVP,COMPLETE: b69e895fdd12c61d59b4b2073c56df8aae79cf96ffebf223773a25ae3aa45b67
2016-11-05 11:57:38,BTC,5.74683501,1L55nYrmDEVSmwrLRBkXDCRc7kRJ9YDKVP,COMPLETE: c12bda6ff18ed5bd6f5fa1ec9118502de483a7ea9a6e74135b598a9419e0f0aa
2016-11-04 18:39:53,BTC,0.14383058,1L55nYrmDEVSmwrLRBkXDCRc7kRJ9YDKVP,COMPLETE: a47ac09450d7492cb6bf3ade815090753bba3deb81eaf40b0f5d1d4d3e90f353
2016-11-04 15:09:06,BTC,0.92048480,1L55nYrmDEVSmwrLRBkXDCRc7kRJ9YDKVP,COMPLETE: 029a6bf16116df74c39df866e1f56ec1995957a28ebfccea99eb0e8a2846e582
2016-11-04 00:32:30,BTC,1.37054927,1L55nYrmDEVSmwrLRBkXDCRc7kRJ9YDKVP,COMPLETE: 4bf7e0cb4ddb1d70d4e3190e7ddc8d2bd74267211356834c981b59eb759c8894
2016-11-03 16:17:27,BTC,0.37789362,1L55nYrmDEVSmwrLRBkXDCRc7kRJ9YDKVP,COMPLETE: 140bb5ce43b136fa4f258c711695a076d14a0e6e13d0449b02af6d659251373d
2016-11-03 09:53:29,BTC,1.43709825,1L55nYrmDEVSmwrLRBkXDCRc7kRJ9YDKVP,COMPLETE: 1762e5a37a70718d96228ad82f6e6549d6628e87473804d4044c1bce2c4d8a9a
2016-11-03 02:29:45,BTC,5.65353075,1L55nYrmDEVSmwrLRBkXDCRc7kRJ9YDKVP,COMPLETE: 629a68da656865bae1cc31304b2455d97f0a5cc0c288be2b865abba9f8172e5e
2016-11-02 15:22:40,BTC,0.72236308,1L55nYrmDEVSmwrLRBkXDCRc7kRJ9YDKVP,COMPLETE: 80054872cabe1135ebd2b27bc390185ee9936f628e73a7eadfb5043faf7fa895
2016-11-01 19:36:01,BTC,0.71856043,1L55nYrmDEVSmwrLRBkXDCRc7kRJ9YDKVP,COMPLETE: 32c148d867c3319aff2323a723fe05f17f62433dd04ceeafe55d881ebd722f0d
2016-10-31 18:42:23,BTC,0.81954980,1L55nYrmDEVSmwrLRBkXDCRc7kRJ9YDKVP,COMPLETE: 856f8c315c5c3b99c744f2fe13949e8861d8abba89830119aafecbbc9c9081d0
2016-10-31 03:29:30,BTC,0.92046206,1L55nYrmDEVSmwrLRBkXDCRc7kRJ9YDKVP,COMPLETE: ec51305e5dd04f1e31c357c33767db22e24ec340b4a8a4d18d4a0639f017a923
2016-10-31 01:26:59,BTC,7.43489519,1L55nYrmDEVSmwrLRBkXDCRc7kRJ9YDKVP,COMPLETE: dedd4432204b513065ede6e3251cf19364f164b902944c299f780b38a8b7396d
2016-10-29 23:31:38,BTC,0.71839950,1L55nYrmDEVSmwrLRBkXDCRc7kRJ9YDKVP,COMPLETE: 953cad03e500ebafd1eaaf8aa0933f026b20729a8e1bcf4a6eb5d84d4db97998
2016-10-29 23:11:29,BTC,5.55248251,1L55nYrmDEVSmwrLRBkXDCRc7kRJ9YDKVP,COMPLETE: ba75877c6df7255544e00c397b6e6e16f5d59fd64a84eafe951c74a361310145
2016-10-28 23:12:51,BTC,1.05031796,1uBH39hNa2xahaoPisVzMnZEtAWUZod8X,COMPLETE: b653412cff96026b773af71df2e511475f4bd63fdbd86d0ea4eaf606a95477c4
2016-10-28 23:10:37,BTC,2.90280000,17owruzTRANDYwCq77bSABQLXBxx3QaCea,COMPLETE: b653412cff96026b773af71df2e511475f4bd63fdbd86d0ea4eaf606a95477c4
2016-10-28 23:08:30,BTC,4.73210000,1L55nYrmDEVSmwrLRBkXDCRc7kRJ9YDKVP,COMPLETE: c88a3d12428e762112fb7a68ee6da0532d8af1147cf24c86f7bb144b9bd23bdc
2016-10-28 12:13:56,BTC,0.90087237,1L55nYrmDEVSmwrLRBkXDCRc7kRJ9YDKVP,COMPLETE: 582512cfc902188dfd4e08cb25014ac5436342441938344caf7f447cda03908a
2016-10-27 00:30:24,BTC,0.95709603,1L55nYrmDEVSmwrLRBkXDCRc7kRJ9YDKVP,COMPLETE: a2e83f7b76ade7fa81593f720ef5f00e4041a2a3905e31e55605d9fd84c1ecbd
2016-10-26 00:11:36,BTC,1.14797259,1L55nYrmDEVSmwrLRBkXDCRc7kRJ9YDKVP,COMPLETE: 4727e3e70590ea7a3033075088b2b9431e4d8e41c7c414215af70a280391337e
2016-10-24 21:09:48,BTC,1.25537739,1L55nYrmDEVSmwrLRBkXDCRc7kRJ9YDKVP,COMPLETE: 46cf52214feadea9b1b65b61e9b4440447b507129abbd293655c9e981d9a13fa
2016-10-23 22:30:30,BTC,1.26657832,1L55nYrmDEVSmwrLRBkXDCRc7kRJ9YDKVP,COMPLETE: 2415ff559ab22aec86ac93cb0657870bb205c8159eefa0a3abc887c1fe0c1bda
2016-10-23 14:58:09,BTC,1.26021826,1L55nYrmDEVSmwrLRBkXDCRc7kRJ9YDKVP,COMPLETE: 2308111e6a92b0cdc300dda636a2bdca04694aeef7b7cf6aaaa0af63b469a543
2016-10-21 21:30:01,BTC,1.31670000,1L55nYrmDEVSmwrLRBkXDCRc7kRJ9YDKVP,COMPLETE: 0e6fbf4356d98cb16e4961bfacfd47c4137b897decf5255814e19e7b900db1bb
2016-10-21 00:26:38,BTC,1.36072402,1L55nYrmDEVSmwrLRBkXDCRc7kRJ9YDKVP,COMPLETE: 0e9b73c5aa1ff28271028d59751a36eb84138e97dc8823a1efcf62129af32ba6
2016-10-19 23:40:36,BTC,1.35106827,1L55nYrmDEVSmwrLRBkXDCRc7kRJ9YDKVP,COMPLETE: 308e8ad6540e28d68a39604796271aa6cb47d7ebc34cb1c16f76f95830bfe076
2016-10-18 23:06:27,BTC,1.26593506,1L55nYrmDEVSmwrLRBkXDCRc7kRJ9YDKVP,COMPLETE: ece47de26585a34bf8aa3d3241f7c44f75a58d2462b5a8898a8e2f32ff95a521
2016-10-17 22:31:43,BTC,2.48904424,1L55nYrmDEVSmwrLRBkXDCRc7kRJ9YDKVP,COMPLETE: 66055cccb8dc8590a0a612134e550cd48d2c1affddbeec76a6220a3585741a2e
2016-10-15 20:09:16,BTC,1.29928052,1L55nYrmDEVSmwrLRBkXDCRc7kRJ9YDKVP,COMPLETE: a1b94e5a413139a5a70532ee1dae83a5801113680436d0886fa01713124802c7
2016-10-14 18:57:30,BTC,5.08132156,1L55nYrmDEVSmwrLRBkXDCRc7kRJ9YDKVP,COMPLETE: a98c8b9fef3f1ed1d816a1a1f1f135e2b865c15763e0ace9cac4d9fc10c3e943
2016-10-14 17:10:52,BTC,0.80000000,17owruzTRANDYwCq77bSABQLXBxx3QaCea,COMPLETE: 70e478750021531647ad0b8da6df7ca7b3ac14c4e5327739ff2635deeaa7b1ae
2016-10-13 21:50:55,BTC,1.19700000,1L55nYrmDEVSmwrLRBkXDCRc7kRJ9YDKVP,COMPLETE: 9de64317cfa9aeaa0b7bd706f0e34f01f3652871f1d3941a234a16a0f2c6fc5d
2016-10-12 20:33:18,BTC,1.24181333,1L55nYrmDEVSmwrLRBkXDCRc7kRJ9YDKVP,COMPLETE: 4c4490e7fdda328415f45cdd3abbea6c6a291d13d720433203c4e0ba58b5c51a
2016-10-11 21:09:59,BTC,1.27696114,1L55nYrmDEVSmwrLRBkXDCRc7kRJ9YDKVP,COMPLETE: ba9dad9bb737307442618a304f5731a6abc98d0dde7a1455897976de6e7539c0
2016-10-10 22:05:02,BTC,1.22597663,1L55nYrmDEVSmwrLRBkXDCRc7kRJ9YDKVP,COMPLETE: 9c009d4a2be0605b442f79b88cb2de35e817e18509da20f31a3e58c3c552c029
2016-10-09 20:18:53,BTC,1.16217203,1L55nYrmDEVSmwrLRBkXDCRc7kRJ9YDKVP,COMPLETE: 1935b1838917180132aa438b3b055582d18bca9e0fca0e665c60bbfebbc654c3
2016-10-08 22:49:15,BTC,1.13746117,1L55nYrmDEVSmwrLRBkXDCRc7kRJ9YDKVP,COMPLETE: 4b50d1d0b599ec055240a03a86e8a38aa0a31a6f697ecf966d56177e139d0c0d
2016-10-07 22:26:59,BTC,1.17486719,1L55nYrmDEVSmwrLRBkXDCRc7kRJ9YDKVP,COMPLETE: 04ed04a9727ed7067ff6d9d366f37a5e0714013a0244206e3c3d5f192438a2fb
2016-10-06 21:50:10,BTC,1.18302597,1L55nYrmDEVSmwrLRBkXDCRc7kRJ9YDKVP,COMPLETE: 266ddfc902a8ccf2ade5d79950e085ef726276d9886fc69aa2cef50c96db82e3
2016-10-05 23:38:13,BTC,1.14760243,1L55nYrmDEVSmwrLRBkXDCRc7kRJ9YDKVP,COMPLETE: 05332e15b612fb5e873a45e07c8d093326138149b06820de2c3314ef68284954
2016-10-05 11:51:47,BTC,1.23690000,1L55nYrmDEVSmwrLRBkXDCRc7kRJ9YDKVP,COMPLETE: b7b9ea8a7bd14eb154223c655b7581241c8d6f8f6efe65287e8fff59900ca870
2016-10-04 19:26:04,BTC,1.21711545,1L55nYrmDEVSmwrLRBkXDCRc7kRJ9YDKVP,COMPLETE: 81bafd8b9a7e3e603db5c85e2eed8ae663a5b125f6e4c2266c9e72466372bd24
2016-10-03 17:21:11,BTC,1.23290634,1L55nYrmDEVSmwrLRBkXDCRc7kRJ9YDKVP,COMPLETE: 0ef2c635108c20d69559a2f4016275eeabf2596cf28e594cd9528c44d4c6fd25
2016-10-02 21:54:47,BTC,1.19053658,1L55nYrmDEVSmwrLRBkXDCRc7kRJ9YDKVP,COMPLETE: 7826dec5ee3ae15406d9f0ea0e4820a8beaf49e1538084ce549c427b8fec39a5
2016-10-01 19:56:43,BTC,1.21333159,1L55nYrmDEVSmwrLRBkXDCRc7kRJ9YDKVP,COMPLETE: d20c7b7b9c2727e99843b0a67af314c2c8b87270feb852c28a953ddbe396fd68
2016-09-30 21:00:09,BTC,1.24696739,1L55nYrmDEVSmwrLRBkXDCRc7kRJ9YDKVP,COMPLETE: 08b13e4dbb2e9033924b341b65731e0a82c95cdf99d1459246490adea9c09871
2016-09-29 17:45:47,BTC,1.28957950,1L55nYrmDEVSmwrLRBkXDCRc7kRJ9YDKVP,COMPLETE: 308ac83648a9e0b06ed32b32943b82b5b1539bca97729281109cd3286e85486a
2016-09-28 11:51:25,BTC,1.27044085,1L55nYrmDEVSmwrLRBkXDCRc7kRJ9YDKVP,COMPLETE: 2d1fc95feaa3f35dfa95a08d3f05651f81b9eb45de9d61e7ece8176fbd8b0d24
2016-09-27 14:41:29,BTC,1.27680001,1L55nYrmDEVSmwrLRBkXDCRc7kRJ9YDKVP,COMPLETE: 1bda3eb0581459dec06ad333259658f8eaab2f4a4089f311b8d30f04dc48b165
2016-09-26 19:30:16,BTC,1.31669997,1L55nYrmDEVSmwrLRBkXDCRc7kRJ9YDKVP,COMPLETE: 389d90c966aa8b02ea7089d446d8e02751cf7add83c5725651d5581fca333b45
2016-09-25 22:07:29,BTC,1.30325689,1uBH39hNa2xahaoPisVzMnZEtAWUZod8X,COMPLETE: a41767e850e033845228ef5e2cc96e239674d822c72ae5ca369d48ad87bf158f
2016-09-24 18:43:55,BTC,1.32269042,1L55nYrmDEVSmwrLRBkXDCRc7kRJ9YDKVP,COMPLETE: 999a8157597421d836f6235f763d3575bbddb5f39a2953e60905847b1cefb0b7
2016-09-23 18:01:33,BTC,1.34293008,1L55nYrmDEVSmwrLRBkXDCRc7kRJ9YDKVP,COMPLETE: 242b1672aa5eff32de70830b1c4c896c0fec9131362064a4fafcd67964e5f53d
2016-09-22 23:03:05,NBT,0.17725975,B71AkDjzm4S24KoXGoq6W3hynexAyNb9FV,COMPLETE: 96b063e1b885d993d64e192fa01167dfcbaf64c406c72e160089ddc794a9e28d
2016-09-22 16:32:48,BTC,5.86607645,1L55nYrmDEVSmwrLRBkXDCRc7kRJ9YDKVP,COMPLETE: 145c6bfd4745712198c3335778f0a59bbc0906109ecb0859ace924f54792d7f6
2016-09-22 16:19:24,BTC,1.56740522,1L55nYrmDEVSmwrLRBkXDCRc7kRJ9YDKVP,COMPLETE: a6d1e08188cecd38d07d73beb55b6d953e8382cf7dd6d089e2c53a4c2db1ed50
2016-09-21 22:49:57,BTC,1.26692020,1L55nYrmDEVSmwrLRBkXDCRc7kRJ9YDKVP,COMPLETE: cc0fe028437fb8fb1139459470eabd5169cf45aeb0a3ccbc54959b617ef9f76e
2016-09-20 20:23:42,BTC,1.24602097,1L55nYrmDEVSmwrLRBkXDCRc7kRJ9YDKVP,COMPLETE: a946d20278bc0e32db1f825958950527ec4831d2b96b2f8fb7a4c176d4b6594f
2016-09-19 05:20:41,BTC,1.40173860,1L55nYrmDEVSmwrLRBkXDCRc7kRJ9YDKVP,COMPLETE: 3f7d3f9b61fca17190d4a3743362f0cf11f49100e50bec3e1062d502fbaf426d
2016-09-18 12:21:19,BTC,1.38916812,1L55nYrmDEVSmwrLRBkXDCRc7kRJ9YDKVP,COMPLETE: e12be8043d85145b889974c9daacd418ca8e8c33a9f10a9914801a827317e556
2016-09-17 12:28:44,BTC,2.13572230,1L55nYrmDEVSmwrLRBkXDCRc7kRJ9YDKVP,COMPLETE: 378589d225418be910e46c9b4236e2ebbdbecce70ac82f5a1540ecd9a2147187
2016-09-16 12:09:52,BTC,1.37231042,1L55nYrmDEVSmwrLRBkXDCRc7kRJ9YDKVP,COMPLETE: 0607cd024e382355e16ec0154d75910aa7026aaa48bf395694b3bb743abc51d2
2016-09-15 07:42:04,BTC,1.49483683,1L55nYrmDEVSmwrLRBkXDCRc7kRJ9YDKVP,COMPLETE: 7980a3f8b5168118083aea51fa5d978b9fbcb655cb6a49dca9dad667e0c2ef0a
2016-09-14 14:19:17,BTC,9.13089617,1L55nYrmDEVSmwrLRBkXDCRc7kRJ9YDKVP,COMPLETE: e6217eea98f7ce0244b4eca2b456d90b65f941c68e7aeded611d0e95479745ec
2016-09-13 14:21:26,BTC,2.43097809,1L55nYrmDEVSmwrLRBkXDCRc7kRJ9YDKVP,COMPLETE: 54a2e3711bb9bff867435a3a768d31ba52828b194f99b3b75ee368c54682e9d7
2016-09-12 16:37:20,BTC,0.52987161,1L55nYrmDEVSmwrLRBkXDCRc7kRJ9YDKVP,COMPLETE: aa785f17f9ceaf9b42046a50de8d99118937c2af58e2055534d29450ac40bb28
2016-09-12 16:36:17,BTC,0.70200000,17owruzTRANDYwCq77bSABQLXBxx3QaCea,COMPLETE: aa785f17f9ceaf9b42046a50de8d99118937c2af58e2055534d29450ac40bb28
2016-09-11 13:01:17,BTC,1.28703945,1L55nYrmDEVSmwrLRBkXDCRc7kRJ9YDKVP,COMPLETE: 249678ac4a6593de7ce03a477ee06f1a3e58d98e1aca6143a297dbd772d9786d
2016-09-10 10:58:47,BTC,2.13324537,1L55nYrmDEVSmwrLRBkXDCRc7kRJ9YDKVP,COMPLETE: a9feb6a65fe750114b1f58d36539a5f76f8313bb0d88ff81b5739d5db5280023
2016-09-08 20:55:45,BTC,1.21951408,1L55nYrmDEVSmwrLRBkXDCRc7kRJ9YDKVP,COMPLETE: 8fb003ad5c541e1a4c8c83ca626a52f5bda56eafacb2b5c69af879526e9fcb8a
2016-09-07 20:47:47,BTC,0.99658546,1L55nYrmDEVSmwrLRBkXDCRc7kRJ9YDKVP,COMPLETE: 4b7ef2b38bb31b223a6fda6adcaa543a80d373a73318a1d090808d7db1f89375
2016-09-06 22:13:28,BTC,0.99914999,1L55nYrmDEVSmwrLRBkXDCRc7kRJ9YDKVP,COMPLETE: b3a510ccba3e0ed0ca00926b259945886ecb5f4ed43489dbf8104b47d02335a3
2016-09-05 20:17:14,BTC,1.00614291,1L55nYrmDEVSmwrLRBkXDCRc7kRJ9YDKVP,COMPLETE: 412bcc1ad826d6ed8a6904bed1019e5135eee0557d19b947d66046b308c92be2
2016-09-04 17:06:43,BTC,0.99554265,1L55nYrmDEVSmwrLRBkXDCRc7kRJ9YDKVP,COMPLETE: 323b0185400b62cb64c6844a901b1c3824af155adec824d7c9c324c0b3cad46e
2016-09-03 18:59:21,BTC,1.09189872,1L55nYrmDEVSmwrLRBkXDCRc7kRJ9YDKVP,COMPLETE: 9024e6770abc03c64c7d2c1972020850d7c92ab707077964f00715874089edea
2016-09-03 02:47:32,BTC,1.03293258,1L55nYrmDEVSmwrLRBkXDCRc7kRJ9YDKVP,COMPLETE: c8871ad575f65669dd3e876a35079f06dd092d860ffc60125d47ee7545962b12
2016-09-01 20:43:50,BTC,0.82798533,1L55nYrmDEVSmwrLRBkXDCRc7kRJ9YDKVP,COMPLETE: 80a9a0eaac442e0078c02cfa91a0a19e1bdd7b77b44e2afca6c41af09b7fa2ef
2016-08-31 21:57:08,BTC,0.99978542,1L55nYrmDEVSmwrLRBkXDCRc7kRJ9YDKVP,COMPLETE: c1752a19471f1b8c2fe256e0bc8506cd0ccce7c7475a9f4228effb7ce9074654
2016-08-30 23:26:05,BTC,1.02517515,1L55nYrmDEVSmwrLRBkXDCRc7kRJ9YDKVP,COMPLETE: 5adacce09603a130ef9dc5b054fd3193bcb98d4c8707b0dd9a7e39cc022fbd9e
2016-08-29 20:15:45,BTC,0.71045326,1L55nYrmDEVSmwrLRBkXDCRc7kRJ9YDKVP,COMPLETE: d16df652e75511a8ebd2c5d6a4f5e209d26cae97550c79dd34840b90767d0bc3
2016-08-29 18:53:22,BTC,0.38470000,17owruzTRANDYwCq77bSABQLXBxx3QaCea,COMPLETE: 7452a40866a5644515127ba7e6318b08a03424c1ace6aca75f0e482f2fa7308e
2016-08-28 23:17:45,BTC,1.11332250,1L55nYrmDEVSmwrLRBkXDCRc7kRJ9YDKVP,COMPLETE: d608f193669070609a27346419a48e273932e5b4575d420a7a0f02e550e7e943
2016-08-23 21:02:42,BTC,1.09323750,1L55nYrmDEVSmwrLRBkXDCRc7kRJ9YDKVP,COMPLETE: 00186013590469f9095f41135e5c5b3440bcd9f64bfda64d0c53f0627e9a6fe6
2016-08-22 21:02:34,BTC,1.08195750,1L55nYrmDEVSmwrLRBkXDCRc7kRJ9YDKVP,COMPLETE: 539d2efb3128c497cab97071f921c11af05a073b1ae5a36fd5390678815f70d8
2016-08-21 23:15:11,BTC,1.10028000,1L55nYrmDEVSmwrLRBkXDCRc7kRJ9YDKVP,COMPLETE: 6cb34e49f4a5213fdd9600f9a8d017cf744b5b43bbab558ad36163789c6242b9
2016-08-20 22:04:45,BTC,1.09776750,1L55nYrmDEVSmwrLRBkXDCRc7kRJ9YDKVP,COMPLETE: 7cc419d6af59ad3e19bd804416798eafbbc8212afb84461c32fa90602f7fdf5a
2016-08-19 22:15:27,BTC,1.11131250,1L55nYrmDEVSmwrLRBkXDCRc7kRJ9YDKVP,COMPLETE: d83a8ac79a335c2136d59cab77b709a61c81b4c535f3b6d96fca0c748a14e8f1
2016-08-18 21:32:35,BTC,1.11373500,1L55nYrmDEVSmwrLRBkXDCRc7kRJ9YDKVP,COMPLETE: 69c62aee89ae9f3cfe713f457238d08a3a54268ef66ddaa720307cb08ac494ec
2016-08-18 00:40:50,BTC,1.11692250,1L55nYrmDEVSmwrLRBkXDCRc7kRJ9YDKVP,COMPLETE: 409b1d672e799dfb41b5e9fcdb64c85b0453f7d767bf76c033eb8e067baed696
2016-08-17 00:51:42,BTC,1.11158250,1L55nYrmDEVSmwrLRBkXDCRc7kRJ9YDKVP,COMPLETE: a6af2f10433f43aacde361e3c6c1a3f23af5ff2d78919e214fe1cdae1b4840a0
2016-08-16 14:45:50,BTC,1.11841500,1L55nYrmDEVSmwrLRBkXDCRc7kRJ9YDKVP,COMPLETE: eba7c10950899716f8050b6a88a40733c173d2d34788f4e75c2f9cf9c0933f97
2016-08-15 00:06:48,BTC,1.12394250,1L55nYrmDEVSmwrLRBkXDCRc7kRJ9YDKVP,COMPLETE: 994470109e93fff0f2c5f5e9832fe84f97d335434ab261ccd048add30c6c218e
2016-08-13 16:10:33,BTC,1.09073250,1L55nYrmDEVSmwrLRBkXDCRc7kRJ9YDKVP,COMPLETE: 298962dbfd3a8e666778297a89a26219a3efe6f00914184a4419373fdb5443af
2016-08-12 18:41:11,BTC,2.17968000,1L55nYrmDEVSmwrLRBkXDCRc7kRJ9YDKVP,COMPLETE: 38ea17931ee47f7c651d67997ec70317a2bdf38d21e2750141c875414ad98d29
2016-08-11 22:41:49,BTC,0.71735278,1L55nYrmDEVSmwrLRBkXDCRc7kRJ9YDKVP,COMPLETE: bc3b50c281aed66a16e85939b38e07223b674068c4cc34379549d209db152664
2016-08-11 18:41:28,BTC,1.43803000,1L55nYrmDEVSmwrLRBkXDCRc7kRJ9YDKVP,COMPLETE: b6615d2a8443b87285bc0b4f96d6d53e342fdf9fa6fa79e08d5842780939ce8c
2016-08-10 21:39:58,BTC,1.43468000,1L55nYrmDEVSmwrLRBkXDCRc7kRJ9YDKVP,COMPLETE: a5a28de96cb274612ac24fc91cbee1f886dbe3edf18308037756a9cfed1f6a27
2016-08-09 20:57:11,BTC,1.40951000,1L55nYrmDEVSmwrLRBkXDCRc7kRJ9YDKVP,COMPLETE: cb268992fb75148a3f6abe37389c3730cb2c8f4168c39abd2ef3b052944b44f6
2016-08-09 00:15:06,BTC,1.40951000,1L55nYrmDEVSmwrLRBkXDCRc7kRJ9YDKVP,COMPLETE: 79a5fe8c29c5862255bd839eb69611c4eea055eacae0a38ab76f49f6b42a9a45
2016-08-07 23:34:02,BTC,1.42919000,1L55nYrmDEVSmwrLRBkXDCRc7kRJ9YDKVP,COMPLETE: 295d4910e5df14a67ac4dcfb88b055fee03c210776fcd3c3e71eb49ed6ce769f
2016-08-06 22:44:52,BTC,1.44361000,1L55nYrmDEVSmwrLRBkXDCRc7kRJ9YDKVP,COMPLETE: b2c5c1742894365b7c01c862a91b61cb489a8b03d710e73fe6b11bab1aca01a3
2016-08-06 00:25:14,BTC,1.46550000,1L55nYrmDEVSmwrLRBkXDCRc7kRJ9YDKVP,COMPLETE: b1ea12376fdf1135812fb4ea4542e768fccd998ff5b1b08f5f0967405aceabce
2016-08-04 21:13:54,BTC,1.47956000,1L55nYrmDEVSmwrLRBkXDCRc7kRJ9YDKVP,COMPLETE: 0c65b2ac6db5eea1f38009ca2ddb8434a3e1bf001feab9d6fc349613747040d1
2016-08-04 02:45:41,BTC,1.47510000,1L55nYrmDEVSmwrLRBkXDCRc7kRJ9YDKVP,COMPLETE: 1a8121ae9c066fd37d4a2b01c36d3033f9245b54004a221cff80ab3a893bc7d8
2016-08-03 14:09:27,BTC,1.49570000,1L55nYrmDEVSmwrLRBkXDCRc7kRJ9YDKVP,COMPLETE: 95f5331a42a14524a3005d1721191da9eef90246fbb862e70f7ab289928ebd12
2016-08-01 23:48:21,BTC,1.40162000,1L55nYrmDEVSmwrLRBkXDCRc7kRJ9YDKVP,COMPLETE: b569fef5addc90e8aaf0b47d41ff0037574fbb55cd37a6197e15543e25d9b491
2016-08-01 00:19:04,BTC,1.36493000,1L55nYrmDEVSmwrLRBkXDCRc7kRJ9YDKVP,COMPLETE: 16ad8e7e34f8f76136084b5b5e639352758cdf8073fb47ff70843b53e3b4e5a3
2016-07-31 00:43:06,BTC,2.60370000,1L55nYrmDEVSmwrLRBkXDCRc7kRJ9YDKVP,COMPLETE: 3fbe0a03bd62c804cde64c7e74a1fdee7827ad2a9d464de670884127ac77852a
2016-07-30 00:30:22,BTC,2.58104000,1L55nYrmDEVSmwrLRBkXDCRc7kRJ9YDKVP,COMPLETE: 279db3e63298aed9946f7a4a8db4437aea8de5f720e0dd6005f5b71f524a6f49
2016-07-28 23:31:34,BTC,2.59642000,1L55nYrmDEVSmwrLRBkXDCRc7kRJ9YDKVP,COMPLETE: 8c3264d10d71b80e1cda3575e4d7ef067294e569a4734ed606f9c46d3d65f7dd
2016-07-27 21:52:00,BTC,1.04260000,1L55nYrmDEVSmwrLRBkXDCRc7kRJ9YDKVP,COMPLETE: 4457b76349709e9e87d74bcbe2d39f20aabadf4c0c932fd3cbe8bbfb2793e55d
2016-07-27 21:03:11,NBT,23055.40764552,BAqV5y3mKoy8NbjP7aeBTE8AVTdUZLhbrX,COMPLETE: 675f7c489e491735bd925f73d98becc58a4f5a0118845483c6836a3b831bfb1e
2016-07-23 00:09:47,BTC,3.88200000,1L55nYrmDEVSmwrLRBkXDCRc7kRJ9YDKVP,COMPLETE: fba0a3318f047fd47972ba6e860d32085416ddf6e794e398b08ff3bc35145055
2016-07-21 23:15:04,BTC,3.88600000,1L55nYrmDEVSmwrLRBkXDCRc7kRJ9YDKVP,COMPLETE: 505980cfc9dd266db1210b1c5f17be528f180a35433373bb08ac5da80d824624
2016-07-20 23:46:48,BTC,3.87400000,1L55nYrmDEVSmwrLRBkXDCRc7kRJ9YDKVP,COMPLETE: a7e7c41906e14f96b6ad892c2942284234c5f309e997b5e1383a27c7579c6396
2016-07-20 20:56:12,BTC,0.01000000,1L55nYrmDEVSmwrLRBkXDCRc7kRJ9YDKVP,COMPLETE: e40cff1a53429eaa01d44181d2a846a4e2b214d5f7d783deba31e095c07e995f
2016-07-13 13:55:53,NBT,8021.63630766,BAqV5y3mKoy8NbjP7aeBTE8AVTdUZLhbrX,COMPLETE: 098799663c9e1c425be009a4a6c4804e572f2e2315654d95b4e9c5bf0041e796
2016-07-11 13:18:38,NBT,3598.56498122,BAqV5y3mKoy8NbjP7aeBTE8AVTdUZLhbrX,COMPLETE: ccf4e8739b46e3a8e92607ae9cbf402089ce7f9f2197b73275d5384378856059
2016-07-11 13:17:45,NBT,25000.00000000,BAqV5y3mKoy8NbjP7aeBTE8AVTdUZLhbrX,COMPLETE: 40dc81b3e3868b2930b413bc9e8dd63545d8aa511acd5f6177088b3fd708514e
2016-07-01 03:03:37,NSR,982378.00000000,SWqGtyZvQoDVP8wV2HPMFcA5vK5pVBA3yh,COMPLETE: faa7d96bcdc7bcdec6553b1c0b657a10b78ae6f37da5d2eedebdf58d45575f36
2016-06-29 06:35:07,NSR,3000000.00000000,SWqGtyZvQoDVP8wV2HPMFcA5vK5pVBA3yh,COMPLETE: d31e8589e8b063b5303f66b9d422eb7aaf5fc6bf0bd60d2cc72940ea6f72dbe3
2016-06-27 17:27:17,NSR,3982378.00000000,SWqGtyZvQoDVP8wV2HPMFcA5vK5pVBA3yh,COMPLETE: c14c51dfd78f2bbc8d361a9b36fe3a5e97e98a2ad047cd3b4261034b2c03b3e1
